{
    "batch_size": 1,
    "sequence_length": 512,
    "num_new_tokens": 1000,
    "num_return_sequences": 1,
    "prefill": {
        "memory": {
            "max_vram_used(MB)": 8603,
            "max_memory_reserved(MB)": 7470,
            "max_memory_allocated(MB)": 7289
        },
        "latency": {
            "list[s]": [
                0.05762393,
                0.055005369,
                0.055018617,
                0.054724118,
                0.055441867,
                0.054686698,
                0.054870958,
                0.054664413,
                0.054713077,
                0.054569704,
                0.05505526,
                0.054601256,
                0.054682207,
                0.054647821,
                0.054634054,
                0.055693426,
                0.054627402,
                0.05464813,
                0.054583049,
                0.054752793,
                0.054571341,
                0.054619022,
                0.054585857,
                0.054668055,
                0.054574375,
                0.05464942,
                0.055132963,
                0.054645092,
                0.054645771,
                0.054668854,
                0.05457587,
                0.054617024,
                0.054571511,
                0.054626184,
                0.05457686,
                0.054604854,
                0.054545923,
                0.055216048,
                0.054604471,
                0.054644573,
                0.054575315,
                0.054651295,
                0.054553641,
                0.054677774,
                0.054605859,
                0.054660142,
                0.054554631,
                0.054647647,
                0.055055903,
                0.054641592,
                0.054563026,
                0.054637831,
                0.054751519,
                0.054848791,
                0.054626231,
                0.054668934,
                0.054635621,
                0.054651793,
                0.054557547,
                0.055305975,
                0.054634735,
                0.054633791,
                0.058100506,
                0.054894719,
                0.054659091,
                0.054707788,
                0.054591775,
                0.054644628,
                0.054621165,
                0.054674345,
                0.055090836,
                0.054635828,
                0.054606801,
                0.054668472,
                0.054568997,
                0.054657605,
                0.054645759,
                0.054698184,
                0.054670639,
                0.054714669,
                0.054682137,
                0.055441782,
                0.054615356,
                0.054681574,
                0.054634518,
                0.054704526,
                0.054644581,
                0.054754831,
                0.054713413,
                0.054752375,
                0.054623088,
                0.054715436,
                0.055348292,
                0.054672336,
                0.054673019,
                0.054638908,
                0.054653448,
                0.054677045,
                0.054586811,
                0.054675813,
                0.054683257,
                0.054739839,
                0.054670938,
                0.055519095,
                0.054688322,
                0.054676937,
                0.054600853,
                0.054697267,
                0.054635895,
                0.054690633,
                0.05468017,
                0.054723265,
                0.054711055,
                0.054703877,
                0.055269851,
                0.054728673,
                0.054713757,
                0.05475392,
                0.054714047,
                0.054741753,
                0.054737316,
                0.054768548,
                0.054692656,
                0.054714635,
                0.054715176,
                0.055567513,
                0.054636627,
                0.054645666,
                0.054648702,
                0.05478325,
                0.054729891,
                0.054754467,
                0.054695872,
                0.054790495,
                0.054668103,
                0.0546965,
                0.055234957,
                0.054746253,
                0.054676661,
                0.054716157,
                0.054706284,
                0.05494186,
                0.054589353,
                0.054705016,
                0.054675086,
                0.054784766,
                0.054673559,
                0.055198546,
                0.054637049,
                0.054736403,
                0.054639576,
                0.054760608,
                0.054731791,
                0.054730283,
                0.054670829,
                0.054755664,
                0.054728905,
                0.05479095,
                0.055365134,
                0.054691843,
                0.054676241,
                0.054740668,
                0.05469241,
                0.054688123,
                0.054727772,
                0.054772367,
                0.054728876,
                0.054816959,
                0.05472715,
                0.055337535,
                0.054628681,
                0.054679316,
                0.05471526,
                0.054817873,
                0.054707044,
                0.054706288,
                0.054653149,
                0.05470929,
                0.054601678,
                0.054794396,
                0.055371681,
                0.054696276,
                0.054652327
            ],
            "mean(s)": 0.054779161857923496,
            "stdev(s)": 0.0003871950565658679
        },