{
    "batch_size": 2,
    "sequence_length": 512,
    "num_new_tokens": 1000,
    "num_return_sequences": 1,
    "prefill": {
        "memory": {
            "max_vram_used(MB)": 9491,
            "max_memory_reserved(MB)": 8826,
            "max_memory_allocated(MB)": 8193
        },
        "latency": {
            "list[s]": [
                0.14333357,
                0.140173969,
                0.140311833,
                0.140154202,
                0.140769771,
                0.140076829,
                0.140161849,
                0.140115604,
                0.140787391,
                0.140110904,
                0.140144947,
                0.140059996,
                0.140739137,
                0.140121838,
                0.140119499,
                0.140078099,
                0.140133809,
                0.140635855,
                0.14013815,
                0.140067167,
                0.140138421,
                0.140947909,
                0.140250932,
                0.140067756,
                0.14015019,
                0.140667508,
                0.140118771,
                0.140074423,
                0.140088719,
                0.140064667,
                0.140960161,
                0.140026997,
                0.140144905,
                0.14007925,
                0.140667548,
                0.140132823,
                0.140151932,
                0.140092496,
                0.140679483,
                0.140176557,
                0.140119475,
                0.140047779,
                0.140645152,
                0.140117886,
                0.140167408,
                0.140217581,
                0.14009947,
                0.140630164,
                0.140147318,
                0.140076086,
                0.140072137,
                0.140737551,
                0.140197308,
                0.140113072,
                0.140146767,
                0.140965585,
                0.140128834,
                0.140085201,
                0.140131792,
                0.140051568,
                0.140837194,
                0.140065363,
                0.140101224,
                0.140067019,
                0.140782647,
                0.140103547,
                0.140171206,
                0.14009998,
                0.140619616,
                0.140118845,
                0.140108967,
                0.140046571
            ],
            "mean(s)": 0.14030466916666667,
            "stdev(s)": 0.0004546395217023859
        },
        "throughput": {
            "list[tokens/s]": [
                7144.174250316936,
                7305.208001922239,
                7298.030238119689,
                7306.238310286266,
                7274.289023315951,
                7310.273992567321,
                7305.839693938398,
                7308.250978242223,
                7273.378622379613,
                7308.496132463752,
                7306.720805281692,
                7311.152572073471,
                7275.872382250007,
                7307.925835229195,
                7308.047825663436,
                7310.2077149119505,
                7307.301552047301,
                7281.215732645135,
                7307.075196868233,
                7310.778263973883,
                7307.0610664294545,
                7265.095362287353,
                7301.199253349703,
                7310.747521363875,
                7306.447461826488,
                7279.577313618152,
                7308.085795300046,
                7310.399558097769,
                7309.653534629009,
                7310.908753311783,
                7264.4638934542645,
                7312.875530709268,
                7306.722995031465,
                7310.147648563225,
                7279.575243609137,
                7307.35296754851,
                7306.356647299018,
                7309.456460822855,
                7278.957657244163,
                7305.073130024159,
                7308.049077403409,
                7311.79035691812,
                7280.7344258833755,
                7308.131953974813,
                7305.54994638982,
                7302.9358565242965,
                7309.092603990579,
                7281.510387771431,
                7306.5971908217325,
                7310.312768162298,
                7310.518865004537,
                7275.954375531233,
                7303.991885493266,
                7308.38304651546,
                7306.625917385593,
                7264.184375214702,
                7307.560983487524,
                7309.837104063548,
                7307.406730372791,
                7311.592541398752,
                7270.806602409304,
                7310.872424612215,
                7309.001097663501,
                7310.785988812971,
                7273.623715854696,
                7308.87991008536,
                7305.35199932574,
                7309.065997011562,
                7282.056580214243,
                7308.0819357310575,
                7308.597172085352,
                7311.853426243474
            ],
            "mean[tokens/s]": 7298.477391130183,
            "stdev[tokens/s]": 23.32284575027652
        }
    },
    "decode": {
        "memory": {
            "max_vram_used(MB)": 13914,
            "max_memory_reserved(MB)": 12312,
            "max_memory_allocated(MB)": 11223
        },
        "latency": {
            "list[s]": [
                57.93758674083333
            ],
            "mean(s)": 57.93758674083333,
            "stdev(s)": 0.0
        },
        "throughput": {
            "list[tokens/s]": [
                34.51990516875355
            ],
            "mean[tokens/s]": 34.51990516875355,
            "stdev[tokens/s]": 0.0
        }
    }
}