{
    "batch_size": 1,
    "sequence_length": 512,
    "num_new_tokens": 1000,
    "num_return_sequences": 1,
    "prefill": {
        "memory": {
            "max_vram_used(MB)": 17958,
            "max_memory_reserved(MB)": 16819,
            "max_memory_allocated(MB)": 16729
        },
        "latency": {
            "list[s]": [
                0.06176283,
                0.057388322,
                0.057414558,
                0.057380958,
                0.057384364,
                0.057375594,
                0.057993934,
                0.057304037,
                0.057326299,
                0.057284944,
                0.057317144,
                0.057276072,
                0.057294388,
                0.057266953,
                0.057331016,
                0.057293637,
                0.057273121,
                0.057827131,
                0.057364621,
                0.057282688,
                0.057368913,
                0.057574117,
                0.057405076,
                0.057359604,
                0.057364315,
                0.057345796,
                0.057436996,
                0.057911999,
                0.057373477,
                0.057358965,
                0.057383065,
                0.057383693,
                0.057386218,
                0.057346009,
                0.057390882,
                0.057356448,
                0.057367852,
                0.057357207,
                0.058056682,
                0.057358105,
                0.057387936,
                0.057353137,
                0.05738371,
                0.057359744,
                0.057357563,
                0.057350668,
                0.057410496,
                0.057338126,
                0.057887922,
                0.057418018,
                0.057397032,
                0.057346999,
                0.057372701,
                0.057356487,
                0.057375242,
                0.057376539,
                0.057380308,
                0.057373483,
                0.057369585,
                0.058023531,
                0.057383474,
                0.057350045,
                0.057389105,
                0.057368928,
                0.05739016,
                0.057368361,
                0.057394707,
                0.057368807,
                0.057399874,
                0.057909454,
                0.057380795,
                0.057350351,
                0.057393491,
                0.057365956,
                0.057379845,
                0.057350385,
                0.057369306,
                0.057359106,
                0.057400631,
                0.057710077,
                0.057416954,
                0.057372034,
                0.057391036,
                0.05738152,
                0.057385387,
                0.057360835,
                0.057384438,
                0.057339589,
                0.057367579,
                0.057363834,
                0.05789706,
                0.057357421,
                0.057390781,
                0.057391308,
                0.057382613,
                0.057371119,
                0.057376358,
                0.05738925,
                0.057381142,
                0.057345975,
                0.05790469,
                0.057375444,
                0.057392433,
                0.057381198,
                0.057366219,
                0.057351012,
                0.057377672,
                0.057350473,
                0.057393766,
                0.057391857,
                0.057384141,
                0.057891432,
                0.057385602,
                0.057386775,
                0.057390637,
                0.057364299,
                0.05737601,
                0.057351662,
                0.057403994,
                0.057368959,
                0.057381351,
                0.05790104,
                0.057392392,
                0.057338022,
                0.057370565,
                0.057361474,
                0.057391431,
                0.057380448,
                0.057388782,
                0.057377639,
                0.057405205,
                0.057377348,
                0.057910318,
                0.057399251,
                0.057383723,
                0.057348043,
                0.057398219,
                0.057347242,
                0.057378978,
                0.057337994,
                0.057400236,
                0.057349395,
                0.058118991,
                0.057361193,
                0.057373249,
                0.057376789,
                0.057534285,
                0.05735172,
                0.057394635,
                0.057395706,
                0.05738326,
                0.057351472,
                0.057380598,
                0.057909228,
                0.057391792,
                0.057362608,
                0.057358464,
                0.057346875,
                0.05738932,
                0.057356897,
                0.057394864,
                0.057354292,
                0.057389491,
                0.057889252,
                0.057381351,
                0.057365746,
                0.057382642,
                0.057339784,
                0.057373729,
                0.05735181,
                0.057403068,
                0.057367489,
                0.057388503,
                0.057361189,
                0.057855889
            ],
            "mean(s)": 0.057449828,
            "stdev(s)": 0.0003683080469337133
        },