{
    "batch_size": 1,
    "sequence_length": 512,
    "num_new_tokens": 1000,
    "num_return_sequences": 1,
    "prefill": {
        "memory": {
            "max_vram_used(MB)": 8980,
            "max_memory_reserved(MB)": 7847,
            "max_memory_allocated(MB)": 7453
        },
        "latency": {
            "list[s]": [
                0.100610744,
                0.097394355,
                0.097737613,
                0.0977085,
                0.097622973,
                0.098131905,
                0.097667757,
                0.097542547,
                0.097585293,
                0.09764628,
                0.097573032,
                0.097470354,
                0.098143671,
                0.097489605,
                0.097496839,
                0.097511782,
                0.097535143,
                0.097614961,
                0.098260424,
                0.097507216,
                0.09748177,
                0.097509133,
                0.097514594,
                0.097447626,
                0.098204954,
                0.097471435,
                0.097534586,
                0.097498146,
                0.097486821,
                0.09760495,
                0.098073878,
                0.097615828,
                0.097474451,
                0.097466588,
                0.097575273,
                0.097467174,
                0.098114478,
                0.097782269,
                0.097567263,
                0.097511753,
                0.09756267,
                0.097482361,
                0.09813733,
                0.097467671,
                0.097575355,
                0.097493221,
                0.09757306,
                0.09757945,
                0.097542333,
                0.098068236,
                0.097517371,
                0.097485866,
                0.09755029,
                0.097485951,
                0.097522435,
                0.098045512,
                0.097581145,
                0.097513486,
                0.097512623,
                0.097612399,
                0.097511088,
                0.098140854,
                0.097625758,
                0.097417646,
                0.097545804,
                0.097483445,
                0.097585148,
                0.098369258,
                0.097498539,
                0.097543772,
                0.097649271,
                0.097466518,
                0.097616186,
                0.098215518,
                0.097567794,
                0.097679769,
                0.097631772,
                0.097630915,
                0.097540377,
                0.098223875,
                0.097650216,
                0.097501207,
                0.0976097,
                0.097651029,
                0.097585971,
                0.097845023,
                0.097646137,
                0.097640473,
                0.097663007,
                0.097522412,
                0.097607422,
                0.097562908,
                0.098266728,
                0.097540836,
                0.097620677,
                0.097612249,
                0.097611858,
                0.097515653,
                0.098367772,
                0.09757702,
                0.097579488,
                0.097624852,
                0.097638448
            ],
            "mean(s)": 0.09768298176699029,
            "stdev(s)": 0.00037403888078205253
        },
        "throughput": {
            "list[tokens/s]": [
                5088.919728095838,
                5256.978189341672,
                5238.515493518345,
                5240.076349549937,
                5244.667154318277,
                5217.4672447253515,
                5242.26229542673,
                5248.991499063481,
                5246.692244906207,
                5243.415314951066,
                5247.351542791045,
                5252.879249828107,
                5216.841746219173,
                5251.8419784345215,
                5251.452306058866,
                5250.647557645905,
                5249.389955782399,
                5245.09762391853,
                5210.6430967568385,
                5250.8934313128175,
                5252.264089993442,
                5250.79020033949,
                5250.496146248633,
                5254.104394498026,
                5213.586271829016,
                5252.820993145326,
                5249.419933970909,
                5251.381908328801,
                5251.991958995155,
                5245.635595325852,
                5220.5542438119965,
                5245.051038239413,
                5252.658463293114,
                5253.082215209995,
                5247.231027475577,
                5253.050632205669,
                5218.393966280899,
                5236.123125758107,
                5247.661810498876,
                5250.64911918874,
                5247.908856942927,
                5252.232247431923,
                5217.178824816204,
                5253.023846235127,
                5247.226617827831,
                5251.647188885061,
                5247.350036987668,
                5247.006413747977,
                5249.003014926863,
                5220.854589451369,
                5250.346627986925,
                5252.04340904147,
                5248.574863283338,
                5252.038829677109,
                5250.07399579389,
                5222.064626476733,
                5246.915272412514,
                5250.555805173451,
                5250.602273307733,
                5245.235290242175,
                5250.684927236172,
                5216.991488580281,
                5244.5175380866185,
                5255.721329993952,
                5248.816238164381,
                5252.173843466447,
                5246.700040870974,
                5204.878133776307,
                5251.360740903,
                5248.925579789963,
                5243.254708988048,
                5253.085987949215,
                5245.03180241031,
                5213.02550173385,
                5247.633250783552,
                5241.617637322627,
                5244.194482099536,
                5244.24051541461,
                5249.10827441235,
                5212.581971542051,
                5243.203967925683,
                5251.217043907979,
                5245.380325930722,
                5243.160315289662,
                5246.655792357695,
                5232.764879619886,
                5243.422993784178,
                5243.727158101743,
                5242.517261423253,
                5250.075233988265,
                5245.502744658085,
                5247.8960549228395,
                5210.308823959214,
                5249.083573571175,
                5244.790506830843,
                5245.243350555318,
                5245.26436122136,
                5250.4391269368825,
                5204.95676165157,
                5247.137082071168,
                5247.004370426703,
                5244.5662094320005,
                5243.835911853084
            ],
            "mean[tokens/s]": 5241.519918561883,
            "stdev[tokens/s]": 19.695098629411245
        }
    },
    "decode": {
        "memory": {
            "max_vram_used(MB)": 10899,
            "max_memory_reserved(MB)": 9296,
            "max_memory_allocated(MB)": 8886
        },
        "latency": {
            "list[s]": [
                17.13498332723301
            ],
            "mean(s)": 17.13498332723301,
            "stdev(s)": 0.0
        },
        "throughput": {
            "list[tokens/s]": [
                58.36013848993234
            ],
            "mean[tokens/s]": 58.36013848993234,
            "stdev[tokens/s]": 0.0
        }
    }
}