{
    "batch_size": 2,
    "sequence_length": 512,
    "num_new_tokens": 1000,
    "num_return_sequences": 1,
    "prefill": {
        "memory": {
            "max_vram_used(MB)": 10233,
            "max_memory_reserved(MB)": 8627,
            "max_memory_allocated(MB)": 7932
        },
        "latency": {
            "list[s]": [
                0.135920918,
                0.13162544,
                0.131559022,
                0.13223187,
                0.131370336,
                0.131486249,
                0.131556758,
                0.132281332,
                0.131346253,
                0.13144354,
                0.131334511,
                0.131980424,
                0.131341349,
                0.131378317,
                0.131362164,
                0.131982771,
                0.131412369,
                0.13139135,
                0.13134815,
                0.13196406,
                0.131359299,
                0.131437413,
                0.131830469,
                0.131425624,
                0.13142197,
                0.131375931,
                0.13192568,
                0.131441752,
                0.131348762,
                0.131484001,
                0.132015695,
                0.1314542,
                0.131377212,
                0.131409243,
                0.132326976,
                0.131420736,
                0.131378365,
                0.131424364,
                0.131948687,
                0.131481186,
                0.131369227,
                0.131931054,
                0.131459146,
                0.131411349,
                0.13143255,
                0.132003486,
                0.131365123,
                0.131439798,
                0.131351557,
                0.131936872,
                0.131372367,
                0.131379065,
                0.13139874,
                0.131995931,
                0.131334098,
                0.131348661,
                0.131297491,
                0.131915353,
                0.131264609,
                0.131439417,
                0.131352087,
                0.132404442,
                0.131359299,
                0.13139611,
                0.132105772,
                0.131446219,
                0.131375771,
                0.131435844,
                0.132156178,
                0.131474729,
                0.131406457,
                0.131452263,
                0.131889046,
                0.13141241,
                0.131350589,
                0.131419324
            ],
            "mean(s)": 0.13162483134210526,
            "stdev(s)": 0.0005791653212571713
        },
        "throughput": {
            "list[tokens/s]": [
                7533.792554285132,
                7779.651106959262,
                7783.578689114913,
                7743.9727654157805,
                7794.758171281529,
                7787.886625315473,
                7783.712639072483,
                7741.077176332032,
                7796.1873796278,
                7790.417087062628,
                7796.88440001882,
                7758.7264002122,
                7796.478472289789,
                7794.284653532288,
                7795.243080800648,
                7758.588429697388,
                7792.264973170068,
                7793.5115211161165,
                7796.074782933753,
                7759.688509128925,
                7795.41309823829,
                7790.780240021918,
                7767.551824457212,
                7791.47908021346,
                7791.695711150883,
                7794.426210384001,
                7761.945968366433,
                7790.523059978689,
                7796.03845828406,
                7788.0197758813265,
                7756.653479724514,
                7789.785339684849,
                7794.350210445934,
                7792.450337758965,
                7738.407019895927,
                7791.768872759927,
                7794.281805836144,
                7791.553779175983,
                7760.5925703527455,
                7788.186516662544,
                7794.8239735018005,
                7761.629797939764,
                7789.492257921712,
                7792.325455847805,
                7791.068498632949,
                7757.370892462643,
                7795.067492914386,
                7790.6388748406325,
                7795.872568149306,
                7761.287534541519,
                7794.637665316634,
                7794.240277170492,
                7793.07320602922,
                7757.814898097124,
                7796.908918504926,
                7796.044453015017,
                7799.082771505513,
                7762.553612694346,
                7801.036454540462,
                7790.661457361759,
                7795.841112140076,
                7733.879502320624,
                7795.41309823829,
                7793.229190727183,
                7751.36456566031,
                7790.258310891392,
                7794.435703064304,
                7790.873241548934,
                7748.4080993928255,
                7788.56901085531,
                7792.61554856471,
                7789.900125188411,
                7764.101955821258,
                7792.262542023238,
                7795.930020534587,
                7791.852589349797
            ],
            "mean[tokens/s]": 7779.832216499343,
            "stdev[tokens/s]": 33.42692815699637
        }
    },
    "decode": {
        "memory": {
            "max_vram_used(MB)": 17583,
            "max_memory_reserved(MB)": 15978,
            "max_memory_allocated(MB)": 10812
        },
        "latency": {
            "list[s]": [
                14.361985180657895
            ],
            "mean(s)": 14.361985180657895,
            "stdev(s)": 0.0
        },
        "throughput": {
            "list[tokens/s]": [
                139.25651466995762
            ],
            "mean[tokens/s]": 139.25651466995762,
            "stdev[tokens/s]": 0.0
        }
    }
}