{
    "batch_size": 2,
    "sequence_length": 512,
    "num_new_tokens": 1000,
    "num_return_sequences": 1,
    "prefill": {
        "memory": {
            "max_vram_used(MB)": 18621,
            "max_memory_reserved(MB)": 17934,
            "max_memory_allocated(MB)": 17469
        },
        "latency": {
            "list[s]": [
                0.104117084,
                0.099360354,
                0.09937818,
                0.099334554,
                0.099818063,
                0.100305541,
                0.09984266,
                0.099752022,
                0.099772485,
                0.099771874,
                0.09976702,
                0.100055901,
                0.099815323,
                0.099763228,
                0.099798783,
                0.099751478,
                0.099760992,
                0.099760656,
                0.10029869,
                0.099772285,
                0.099772716,
                0.099967407,
                0.09976639,
                0.099798566,
                0.100349143,
                0.099747824,
                0.099779595,
                0.099758058,
                0.099784559,
                0.099777491,
                0.100313769,
                0.099776203,
                0.099796256,
                0.099805874,
                0.099795365,
                0.099768981,
                0.100306192,
                0.099758995,
                0.09978857,
                0.099790904,
                0.099785705,
                0.0997915,
                0.100529597,
                0.099824194,
                0.099794669,
                0.099770854,
                0.099797607,
                0.099817799,
                0.100333332,
                0.099853769,
                0.099814707,
                0.099806341,
                0.099826951,
                0.099799136,
                0.100373795,
                0.099816053,
                0.09981661,
                0.099817695,
                0.099798884,
                0.099796096,
                0.100488419,
                0.099823091,
                0.099953211,
                0.099845451,
                0.099782462,
                0.099769267,
                0.100538688,
                0.099820909,
                0.099787653,
                0.099781495,
                0.099905219,
                0.099814619,
                0.100469206,
                0.099807728,
                0.099783321,
                0.099766192,
                0.099755066,
                0.099778971,
                0.100297481,
                0.099795085,
                0.099762804,
                0.099762884,
                0.099800856,
                0.099794761,
                0.100401362,
                0.09975607,
                0.099796915,
                0.099801518,
                0.099772051,
                0.099777408,
                0.100691071,
                0.099791986,
                0.099815042,
                0.099913885,
                0.099785326,
                0.099735843,
                0.100318183,
                0.099799943,
                0.099772444,
                0.099803061,
                0.099756852
            ],
            "mean(s)": 0.09991820914851485,
            "stdev(s)": 0.0004860120289741268
        },
        "throughput": {
            "list[tokens/s]": [
                9835.08143581893,
                10305.92141408836,
                10304.072785394139,
                10308.598154072348,
                10258.66430607855,
                10208.80790623521,
                10256.137005965185,
                10265.456072659861,
                10263.35066225924,
                10263.413514714579,
                10263.912864190992,
                10234.278935732136,
                10258.945913544758,
                10264.302995488479,
                10260.646164392605,
                10265.512055871492,
                10264.533055164487,
                10264.567626740545,
                10209.505228832002,
                10263.371235809624,
                10263.326899911195,
                10243.3386113536,
                10263.97767825417,
                10260.668474935801,
                10204.372148947998,
                10265.888105990161,
                10262.619326125747,
                10264.834946967392,
                10262.108789797829,
                10262.8357331615,
                10207.970552875948,
                10262.96821497607,
                10260.905980280462,
                10259.91716679922,
                10260.997592423255,
                10263.711122798777,
                10208.741649767742,
                10264.738533101701,
                10261.696304496598,
                10261.45629465387,
                10261.990933470881,
                10261.395008592915,
                10186.05495852132,
                10258.034239675404,
                10261.069155908519,
                10263.518441969034,
                10260.767074304698,
                10258.691438387657,
                10205.980202072828,
                10254.995983176159,
                10259.009225965066,
                10259.869160016597,
                10257.750935416228,
                10260.609871412114,
                10201.865935227417,
                10258.870885227248,
                10258.813638331336,
                10258.702126912469,
                10260.63578025582,
                10260.922431274266,
                10190.228985491354,
                10258.147586313471,
                10244.793436400958,
                10255.850314101941,
                10262.324455373731,
                10263.681700698473,
                10185.133905865174,
                10258.37182067737,
                10261.790604494927,
                10262.423909363155,
                10249.714782167686,
                10259.018270660334,
                10192.177690744365,
                10259.726581492769,
                10262.23611058205,
                10263.99804855737,
                10265.142824926806,
                10262.683506728086,
                10209.628295649818,
                10261.026382211106,
                10264.346619607846,
                10264.338388613545,
                10260.433036766739,
                10261.05969631011,
                10199.064829419347,
                10265.039510878887,
                10260.8382233058,
                10260.364977614869,
                10263.395306968281,
                10262.844270318186,
                10169.720014200664,
                10261.345034259564,
                10258.974794600597,
                10248.825776317277,
                10262.029910089186,
                10267.121319664386,
                10207.521402176912,
                10260.526902304944,
                10263.354879830347,
                10260.206347779253,
                10264.959042612933
            ],
            "mean[tokens/s]": 10248.614954286448,
            "stdev[tokens/s]": 48.328539053340684
        }
    },
    "decode": {
        "memory": {
            "max_vram_used(MB)": 25731,
            "max_memory_reserved(MB)": 24108,
            "max_memory_allocated(MB)": 20360
        },
        "latency": {
            "list[s]": [
                21.838403088851486
            ],
            "mean(s)": 21.838403088851486,
            "stdev(s)": 0.0
        },
        "throughput": {
            "list[tokens/s]": [
                91.5817879110859
            ],
            "mean[tokens/s]": 91.5817879110859,
            "stdev[tokens/s]": 0.0
        }
    }
}