{
    "batch_size": 1,
    "sequence_length": 512,
    "num_new_tokens": 1000,
    "num_return_sequences": 1,
    "prefill": {
        "memory": {
            "max_vram_used(MB)": 8627,
            "max_memory_reserved(MB)": 7484,
            "max_memory_allocated(MB)": 7192
        },
        "latency": {
            "list[s]": [
                0.09009841,
                0.089547885,
                0.088925978,
                0.088759734,
                0.089130711,
                0.088734207,
                0.08836192,
                0.088814642,
                0.089287368,
                0.089084641,
                0.0887266,
                0.088686944,
                0.089015381,
                0.089066622,
                0.089715619,
                0.088517734,
                0.088795076,
                0.088878522,
                0.088953354,
                0.089363524,
                0.099934108,
                0.089285904,
                0.091812409,
                0.100664897,
                0.096654267,
                0.099731114,
                0.098532032,
                0.100105084,
                0.100200417,
                0.096598505,
                0.090626564,
                0.089461952,
                0.089296432,
                0.089120215,
                0.090029306,
                0.08933974,
                0.092367308,
                0.090239619,
                0.088800074,
                0.088956918,
                0.088879609,
                0.089407855,
                0.089429534,
                0.088953857,
                0.088948564,
                0.088941433,
                0.088860103,
                0.089879575,
                0.088790974,
                0.089037664,
                0.089016087,
                0.08894853,
                0.088985324,
                0.089330235,
                0.089258742,
                0.088819761,
                0.089066344,
                0.089059378,
                0.089528777,
                0.089159678,
                0.089157564,
                0.089313374,
                0.088857501,
                0.08962389,
                0.090028532,
                0.088941382,
                0.088800766,
                0.088947085,
                0.089521329,
                0.089003565,
                0.089792814,
                0.089110162,
                0.088955263,
                0.08890794,
                0.089460438,
                0.088882412,
                0.088977103,
                0.088863561,
                0.088822011,
                0.088749069,
                0.089519396,
                0.088909269,
                0.089378628,
                0.088950806,
                0.092754495,
                0.08862051,
                0.089881459,
                0.090515792,
                0.088897977,
                0.089060729,
                0.089245435,
                0.089191377,
                0.089486284,
                0.088953068,
                0.090788454,
                0.102647191,
                0.089277944,
                0.090478189,
                0.088960687,
                0.089046004,
                0.089384071,
                0.091964985,
                0.090363295,
                0.091870459,
                0.088912161,
                0.08900478,
                0.089642112,
                0.089131109,
                0.090553489,
                0.088629985,
                0.099377335
            ],
            "mean(s)": 0.09027600898198199,
            "stdev(s)": 0.00304287937018127
        },
        "throughput": {
            "list[tokens/s]": [
                5682.675199262672,
                5717.611309301164,
                5757.597627995725,
                5768.3814149330365,
                5744.372441952135,
                5770.04085921453,
                5794.3512318428575,
                5764.815220445295,
                5734.293791704107,
                5747.343136287656,
                5770.535555290071,
                5773.115826383644,
                5751.814958810321,
                5748.505876870462,
                5706.921556211968,
                5784.151681966915,
                5766.085497803955,
                5760.671852756507,
                5755.825688146621,
                5729.407000556514,
                5123.375894844631,
                5734.38781557277,
                5576.588236563971,
                5086.182127618926,
                5297.231212772013,
                5133.8040804397315,
                5196.279723531937,
                5114.625347100254,
                5109.759173956332,
                5300.289067620663,
                5649.557672737102,
                5723.103381424095,
                5733.711734417339,
                5745.048976823047,
                5687.037063242496,
                5730.932281647562,
                5543.086738004749,
                5673.782820381811,
                5765.760960964964,
                5755.595084802736,
                5760.6013995853655,
                5726.566194882989,
                5725.177993211952,
                5755.793141156319,
                5756.135647113989,
                5756.597153095116,
                5761.86592986506,
                5696.511137263388,
                5766.351881667612,
                5750.375481549022,
                5751.769340299131,
                5756.137847359591,
                5753.757776956569,
                5731.542069714695,
                5736.132826070974,
                5764.4829735581025,
                5748.523819502459,
                5748.973454541756,
                5718.831610980233,
                5742.506158445301,
                5742.642318042696,
                5732.624097260059,
                5762.034653664185,
                5712.762523474489,
                5687.085956261067,
                5756.600453993396,
                5765.716029972084,
                5756.231359352586,
                5719.307406618148,
                5752.578562442975,
                5702.015308262864,
                5745.697106913574,
                5755.702166829634,
                5758.765752530088,
                5723.2002374055,
                5760.419732983844,
                5754.289392856497,
                5761.641714988217,
                5764.336950218341,
                5769.074602912173,
                5719.430904113786,
                5758.6796715199625,
                5728.4387941153,
                5755.990564042781,
                5519.948116800161,
                5777.443618864301,
                5696.391733026941,
                5656.471524880432,
                5759.411150604698,
                5748.886245923273,
                5736.988115974784,
                5740.465246993552,
                5721.54722616485,
                5755.844194154158,
                5639.48362861207,
                4987.959193155125,
                5734.899092210278,
                5658.822370991533,
                5755.351237339253,
                5749.836904528585,
                5728.08996359094,
                5567.336307400039,
                5666.01738017632,
                5573.064569101587,
                5758.492361916611,
                5752.500034267822,
                5711.601261692719,
                5744.346791421613,
                5654.116761862152,
                5776.825980507613,
                5152.080200178441
            ],
            "mean[tokens/s]": 5677.358364253487,
            "stdev[tokens/s]": 175.5860252339741
        }
    },
    "decode": {
        "memory": {
            "max_vram_used(MB)": 10698,
            "max_memory_reserved(MB)": 9084,
            "max_memory_allocated(MB)": 8626
        },
        "latency": {
            "list[s]": [
                14.677236544018017
            ],