{
    "batch_size": 2,
    "sequence_length": 512,
    "num_new_tokens": 1000,
    "num_return_sequences": 1,
    "prefill": {
        "memory": {
            "max_vram_used(MB)": 9390,
            "max_memory_reserved(MB)": 8761,
            "max_memory_allocated(MB)": 8028
        },
        "latency": {
            "list[s]": [
                0.092473192,
                0.090104886,
                0.09030694,
                0.090157019,
                0.090160492,
                0.090042309,
                0.090715952,
                0.089991073,
                0.090129192,
                0.09009249,
                0.090205618,
                0.090109962,
                0.090190337,
                0.09058535,
                0.090144202,
                0.090060952,
                0.090203298,
                0.090138368,
                0.090232772,
                0.090079323,
                0.090939268,
                0.090201234,
                0.090298652,
                0.090136683,
                0.090278789,
                0.090202919,
                0.091084952,
                0.090190341,
                0.090276466,
                0.090058824,
                0.090328763,
                0.090058825,
                0.09025446,
                0.090929764,
                0.090239754,
                0.089992456,
                0.090328735,
                0.090175677,
                0.090261983,
                0.090066277,
                0.091007223,
                0.090209364,
                0.090256758,
                0.090207895,
                0.090335091,
                0.090298174,
                0.091062271,
                0.09016613,
                0.090322245,
                0.090135194,
                0.090336073,
                0.090236233,
                0.090342497,
                0.090711756,
                0.090207234,
                0.090264124,
                0.090294158,
                0.0902377,
                0.090249317,
                0.090208925,
                0.091083124,
                0.090210006,
                0.090346619,
                0.090269087,
                0.090280372,
                0.090217494,
                0.091217466,
                0.090215753,
                0.090330182,
                0.090236275,
                0.090398214,
                0.090413408,
                0.090410723,
                0.090789824,
                0.090423844,
                0.090194189,
                0.090285897,
                0.090142556,
                0.090373056,
                0.09076693,
                0.090391964,
                0.090169368,
                0.090249136,
                0.090196793,
                0.090311888,
                0.090154246,
                0.091055763,
                0.090187126,
                0.090339428,
                0.090354035,
                0.090300824,
                0.090198309,
                0.090382655,
                0.090810134,
                0.090325832,
                0.090262432,
                0.090412931,
                0.090199165,
                0.090419169,
                0.090850821,
                0.090347199,
                0.090247474,
                0.090342673,
                0.090228088,
                0.090390116,
                0.09023555,
                0.090871266,
                0.090286837,
                0.090279339,
                0.090165109,
                0.090384718
            ],
            "mean(s)": 0.09035560646846846,
            "stdev(s)": 0.0003298973395815134
        },
        "throughput": {
            "list[tokens/s]": [
                11073.479544212121,
                11364.533550378168,
                11339.106385400723,
                11357.962046194096,
                11357.524535247656,
                11372.431597683706,
                11287.981633042886,
                11378.906438864218,
                11361.46876807683,
                11366.097218536195,
                11351.842853069307,
                11363.893372854824,
                11353.766202248475,
                11304.256151794965,
                11359.576958704454,
                11370.077455987806,
                11352.134818839993,
                11360.312181378744,
                11348.426711306176,
                11367.758614260456,
                11260.262178490373,
                11352.394580322481,
                11340.147137523161,
                11360.524549144991,
                11342.64217921665,
                11352.182516399496,
                11242.252177944827,
                11353.765698701594,
                11342.934048836161,
                11370.346119554039,
                11336.366911168705,
                11370.345993299381,
                11345.69970281801,
                11261.439103702061,
                11347.548664638425,
                11378.731568343906,
                11336.370425203011,
                11355.612001670917,
                11344.754081017696,
                11369.40522144598,
                11251.854152279759,
                11351.371460727736,
                11345.410833391556,
                11351.55631333599,
                11335.572795293912,
                11340.2071674229,
                11245.052300529602,
                11356.814360336859,
                11337.184986932069,
                11360.712220800235,
                11335.449571734205,
                11347.991443747436,
                11334.643539905699,
                11288.503774527306,
                11351.639492681928,
                11344.484991623029,
                11340.711544151063,
                11347.806958732326,
                11346.34625545144,
                11351.426701958815,
                11242.47780521889,
                11351.290676114133,
                11334.126404885168,
                11343.861271134823,
                11342.443294318726,
                11350.34852553098,
                11225.920263998563,
                11350.56756661999,
                11336.188827782944,
                11347.986161884452,
                11327.65742473629,
                11325.753808550166,
                11326.09015857555,
                11278.797059899576,
                11324.446680236244,
                11353.281307291316,
                11341.749199213249,
                11359.784384192522,
                11330.810811576406,
                11281.641893143242,
                11328.440656516766,
                11356.406534866697,
                11346.369011222447,
                11352.9535357205,
                11338.485139409331,
                11358.311398888523,
                11245.856014626994,
                11354.17043891608,
                11335.028599029873,
                11333.196132303334,
                11339.874373682349,
                11352.762721970763,
                11329.60743408124,
                11276.274517995977,
                11336.734767081914,
                11344.697647854204,
                11325.813560894292,
                11352.654983003446,
                11325.032195330175,
                11271.224505500066,
                11334.053643433926,
                11346.577966270836,
                11334.621458455187,
                11349.01584083218,
                11328.672263237277,
                11348.07733759034,
                11268.688608344028,
                11341.631117280142,
                11342.573077545461,
                11356.942961162506,
                11329.348839700977
            ],
            "mean[tokens/s]": 11333.147059195842,
            "stdev[tokens/s]": 40.915435672741424
        }
    },
    "decode": {
        "memory": {
            "max_vram_used(MB)": 18356,
            "max_memory_reserved(MB)": 16793,
            "max_memory_allocated(MB)": 10920
        },